Museum_City,Ticket_Cost,Count
http://dati.beniculturali.it/mibact/luoghi/resource/City/Abetone_Cutigliano,Free Entry,1
http://dati.beniculturali.it/mibact/luoghi/resource/City/Acerra,Free Entry,3
http://dati.beniculturali.it/mibact/luoghi/resource/City/Aci_Castello,Free Entry,1
http://dati.beniculturali.it/mibact/luoghi/resource/City/Acqualagna,Free Entry,1
http://dati.beniculturali.it/mibact/luoghi/resource/City/Acqui_Terme,Free Entry,2
http://dati.beniculturali.it/mibact/luoghi/resource/City/Adro,Free Entry,1
http://dati.beniculturali.it/mibact/luoghi/resource/City/Agnone,Free Entry,1
http://dati.beniculturali.it/mibact/luoghi/resource/City/Aiello_del_Friuli,Free Entry,1
http://dati.beniculturali.it/mibact/luoghi/resource/City/Airola,Free Entry,1
http://dati.beniculturali.it/mibact/luoghi/resource/City/Alassio,Free Entry,3
http://dati.beniculturali.it/mibact/luoghi/resource/City/Alatri,Free Entry,1
http://dati.beniculturali.it/mibact/luoghi/resource/City/Albenga,Free Entry,1
http://dati.beniculturali.it/mibact/luoghi/resource/City/Albese_con_Cassano,Free Entry,1
http://dati.beniculturali.it/mibact/luoghi/resource/City/Albino,Free Entry,3
http://dati.beniculturali.it/mibact/luoghi/resource/City/Albisola_Superiore,Free Entry,1
http://dati.beniculturali.it/mibact/luoghi/resource/City/Albissola_Marina,Free Entry,2
http://dati.beniculturali.it/mibact/luoghi/resource/City/Aldino_Aldein,Free Entry,1
http://dati.beniculturali.it/mibact/luoghi/resource/City/Alessandria_del_Carretto,Free Entry,1
http://dati.beniculturali.it/mibact/luoghi/resource/City/Alfonsine,Free Entry,2
http://dati.beniculturali.it/mibact/luoghi/resource/City/Almenno_San_Bartolomeo,Free Entry,1
http://dati.beniculturali.it/mibact/luoghi/resource/City/Alpignano,Free Entry,1
http://dati.beniculturali.it/mibact/luoghi/resource/City/Alseno,Free Entry,1
http://dati.beniculturali.it/mibact/luoghi/resource/City/Altamura,Free Entry,1
http://dati.beniculturali.it/mibact/luoghi/resource/City/Altavilla_Irpina,Free Entry,1
http://dati.beniculturali.it/mibact/luoghi/resource/City/Alto,Free Entry,1
http://dati.beniculturali.it/mibact/luoghi/resource/City/Amatrice,Free Entry,1
http://dati.beniculturali.it/mibact/luoghi/resource/City/Amendolara,Free Entry,1
http://dati.beniculturali.it/mibact/luoghi/resource/City/Ampezzo,Free Entry,2
http://dati.beniculturali.it/mibact/luoghi/resource/City/Anagni,Free Entry,3
http://dati.beniculturali.it/mibact/luoghi/resource/City/Ancona,Free Entry,2
http://dati.beniculturali.it/mibact/luoghi/resource/City/Andezeno,Free Entry,1
http://dati.beniculturali.it/mibact/luoghi/resource/City/Andreis,Free Entry,2
http://dati.beniculturali.it/mibact/luoghi/resource/City/Andretta,Free Entry,1
http://dati.beniculturali.it/mibact/luoghi/resource/City/Angera,Free Entry,1
http://dati.beniculturali.it/mibact/luoghi/resource/City/Anguillara_Sabazia,Free Entry,1
http://dati.beniculturali.it/mibact/luoghi/resource/City/Antrodoco,Free Entry,2
http://dati.beniculturali.it/mibact/luoghi/resource/City/Anzio,Free Entry,2
http://dati.beniculturali.it/mibact/luoghi/resource/City/Aosta,Free Entry,1
http://dati.beniculturali.it/mibact/luoghi/resource/City/Apecchio,Free Entry,1
http://dati.beniculturali.it/mibact/luoghi/resource/City/Apricale,Free Entry,1
http://dati.beniculturali.it/mibact/luoghi/resource/City/Apricena,Free Entry,1
http://dati.beniculturali.it/mibact/luoghi/resource/City/Aquila_d_Arroscia,Free Entry,1
http://dati.beniculturali.it/mibact/luoghi/resource/City/Aquileia,Free Entry,1
http://dati.beniculturali.it/mibact/luoghi/resource/City/Aquilonia,Free Entry,1
http://dati.beniculturali.it/mibact/luoghi/resource/City/Aquino,Free Entry,1
http://dati.beniculturali.it/mibact/luoghi/resource/City/Arbus,Free Entry,1
http://dati.beniculturali.it/mibact/luoghi/resource/City/Arcinazzo_Romano,Free Entry,1
http://dati.beniculturali.it/mibact/luoghi/resource/City/Ardea,Free Entry,1
http://dati.beniculturali.it/mibact/luoghi/resource/City/Argenta,Free Entry,1
http://dati.beniculturali.it/mibact/luoghi/resource/City/Ariano_Irpino,Free Entry,3
http://dati.beniculturali.it/mibact/luoghi/resource/City/Arnad,Free Entry,1
http://dati.beniculturali.it/mibact/luoghi/resource/City/Arosio,Free Entry,1
http://dati.beniculturali.it/mibact/luoghi/resource/City/Arpino,Free Entry,1
http://dati.beniculturali.it/mibact/luoghi/resource/City/Arre,Free Entry,1
http://dati.beniculturali.it/mibact/luoghi/resource/City/Arsago_Seprio,Free Entry,1
http://dati.beniculturali.it/mibact/luoghi/resource/City/Arsoli,Free Entry,1
http://dati.beniculturali.it/mibact/luoghi/resource/City/Artena,Free Entry,1
http://dati.beniculturali.it/mibact/luoghi/resource/City/Artogne,Free Entry,1
http://dati.beniculturali.it/mibact/luoghi/resource/City/Arzano,Free Entry,1
http://dati.beniculturali.it/mibact/luoghi/resource/City/Asola,Free Entry,1
http://dati.beniculturali.it/mibact/luoghi/resource/City/Asti,Free Entry,1
http://dati.beniculturali.it/mibact/luoghi/resource/City/Atina,Free Entry,1
http://dati.beniculturali.it/mibact/luoghi/resource/City/Atripalda,Free Entry,1
http://dati.beniculturali.it/mibact/luoghi/resource/City/Attimis,Free Entry,1
http://dati.beniculturali.it/mibact/luoghi/resource/City/Ausonia,Free Entry,1
http://dati.beniculturali.it/mibact/luoghi/resource/City/Avella,Free Entry,1
http://dati.beniculturali.it/mibact/luoghi/resource/City/Avellino,Free Entry,4
http://dati.beniculturali.it/mibact/luoghi/resource/City/Aversa,Free Entry,1
http://dati.beniculturali.it/mibact/luoghi/resource/City/Avezzano,Free Entry,1
http://dati.beniculturali.it/mibact/luoghi/resource/City/Bagnacavallo,Free Entry,1
http://dati.beniculturali.it/mibact/luoghi/resource/City/Bagnara_di_Romagna,Free Entry,3
http://dati.beniculturali.it/mibact/luoghi/resource/City/Bagno_di_Romagna,Free Entry,1
http://dati.beniculturali.it/mibact/luoghi/resource/City/Bagnolo_in_Piano,Free Entry,1
http://dati.beniculturali.it/mibact/luoghi/resource/City/Bagnoregio,Free Entry,1
http://dati.beniculturali.it/mibact/luoghi/resource/City/Bagolino,Free Entry,1
http://dati.beniculturali.it/mibact/luoghi/resource/City/Bardi,Free Entry,2
http://dati.beniculturali.it/mibact/luoghi/resource/City/Bari,Free Entry,4
http://dati.beniculturali.it/mibact/luoghi/resource/City/Baronissi,Free Entry,1
http://dati.beniculturali.it/mibact/luoghi/resource/City/Barzio,Free Entry,1
http://dati.beniculturali.it/mibact/luoghi/resource/City/Bedonia,Free Entry,1
http://dati.beniculturali.it/mibact/luoghi/resource/City/Bellaria-Igea_Marina,Free Entry,1
http://dati.beniculturali.it/mibact/luoghi/resource/City/Belvedere_Ostrense,Free Entry,1
http://dati.beniculturali.it/mibact/luoghi/resource/City/Bene_Vagienna,Free Entry,1
http://dati.beniculturali.it/mibact/luoghi/resource/City/Benevento,Free Entry,4
http://dati.beniculturali.it/mibact/luoghi/resource/City/Bentivoglio,Free Entry,1
http://dati.beniculturali.it/mibact/luoghi/resource/City/Berceto,Free Entry,2
http://dati.beniculturali.it/mibact/luoghi/resource/City/Bergamo,Free Entry,1
http://dati.beniculturali.it/mibact/luoghi/resource/City/Bertinoro,Free Entry,1
http://dati.beniculturali.it/mibact/luoghi/resource/City/Bettola,Free Entry,1
http://dati.beniculturali.it/mibact/luoghi/resource/City/Biassono,Free Entry,1
http://dati.beniculturali.it/mibact/luoghi/resource/City/Binasco,Free Entry,1
http://dati.beniculturali.it/mibact/luoghi/resource/City/Bisaccia,Free Entry,1
http://dati.beniculturali.it/mibact/luoghi/resource/City/Bisegna,Free Entry,1
http://dati.beniculturali.it/mibact/luoghi/resource/City/Bisignano,Free Entry,1
http://dati.beniculturali.it/mibact/luoghi/resource/City/Bistagno,Free Entry,1
http://dati.beniculturali.it/mibact/luoghi/resource/City/Bitonto,Free Entry,1
http://dati.beniculturali.it/mibact/luoghi/resource/City/Blera,Free Entry,1
http://dati.beniculturali.it/mibact/luoghi/resource/City/Bobbio,Free Entry,1
http://dati.beniculturali.it/mibact/luoghi/resource/City/Bologna,Free Entry,44
http://dati.beniculturali.it/mibact/luoghi/resource/City/Bolognetta,Free Entry,1
http://dati.beniculturali.it/mibact/luoghi/resource/City/Bolognola,Free Entry,1
http://dati.beniculturali.it/mibact/luoghi/resource/City/Bolzano_Bozen,Free Entry,2
http://dati.beniculturali.it/mibact/luoghi/resource/City/Bondeno,Free Entry,2
http://dati.beniculturali.it/mibact/luoghi/resource/City/Bonito,Free Entry,1
http://dati.beniculturali.it/mibact/luoghi/resource/City/Bordighera,Free Entry,1
http://dati.beniculturali.it/mibact/luoghi/resource/City/Boretto,Free Entry,1
http://dati.beniculturali.it/mibact/luoghi/resource/City/Borghi,Free Entry,1
http://dati.beniculturali.it/mibact/luoghi/resource/City/Borgo_Pace,Free Entry,2
http://dati.beniculturali.it/mibact/luoghi/resource/City/Borgo_San_Dalmazzo,Free Entry,1
http://dati.beniculturali.it/mibact/luoghi/resource/City/Borgo_Tossignano,Free Entry,2
http://dati.beniculturali.it/mibact/luoghi/resource/City/Borgoricco,Free Entry,1
http://dati.beniculturali.it/mibact/luoghi/resource/City/Borgosesia,Free Entry,1
http://dati.beniculturali.it/mibact/luoghi/resource/City/Bortigiadas,Free Entry,1
http://dati.beniculturali.it/mibact/luoghi/resource/City/Bosco_Marengo,Free Entry,1
http://dati.beniculturali.it/mibact/luoghi/resource/City/Botticino,Free Entry,1
http://dati.beniculturali.it/mibact/luoghi/resource/City/Bova_Marina,Free Entry,1
http://dati.beniculturali.it/mibact/luoghi/resource/City/Bovino,Free Entry,1
http://dati.beniculturali.it/mibact/luoghi/resource/City/Bracciano,Free Entry,1
http://dati.beniculturali.it/mibact/luoghi/resource/City/Breno,Free Entry,2
http://dati.beniculturali.it/mibact/luoghi/resource/City/Brescello,Free Entry,2
http://dati.beniculturali.it/mibact/luoghi/resource/City/Brescia,Free Entry,4
http://dati.beniculturali.it/mibact/luoghi/resource/City/Brindisi,Free Entry,3
http://dati.beniculturali.it/mibact/luoghi/resource/City/Brisighella,Free Entry,4
http://dati.beniculturali.it/mibact/luoghi/resource/City/Brosso,Free Entry,1
http://dati.beniculturali.it/mibact/luoghi/resource/City/Budrio,Free Entry,5
http://dati.beniculturali.it/mibact/luoghi/resource/City/Buja,Free Entry,1
http://dati.beniculturali.it/mibact/luoghi/resource/City/Buonabitacolo,Free Entry,1
http://dati.beniculturali.it/mibact/luoghi/resource/City/Busana,Free Entry,1
http://dati.beniculturali.it/mibact/luoghi/resource/City/Busseto,Free Entry,1
http://dati.beniculturali.it/mibact/luoghi/resource/City/Busto_Arsizio,Free Entry,2
http://dati.beniculturali.it/mibact/luoghi/resource/City/Buttrio,Free Entry,1
http://dati.beniculturali.it/mibact/luoghi/resource/City/Cagliari,Free Entry,6
http://dati.beniculturali.it/mibact/luoghi/resource/City/Calangianus,Free Entry,1
http://dati.beniculturali.it/mibact/luoghi/resource/City/Calanna,Free Entry,1
http://dati.beniculturali.it/mibact/luoghi/resource/City/Calcata,Free Entry,1
http://dati.beniculturali.it/mibact/luoghi/resource/City/Caldarola,Free Entry,1
http://dati.beniculturali.it/mibact/luoghi/resource/City/Calice_Ligure,Free Entry,1
http://dati.beniculturali.it/mibact/luoghi/resource/City/Calitri,Free Entry,1
http://dati.beniculturali.it/mibact/luoghi/resource/City/Caltagirone,Free Entry,4
http://dati.beniculturali.it/mibact/luoghi/resource/City/Caltanissetta,Free Entry,1
http://dati.beniculturali.it/mibact/luoghi/resource/City/Calvisano,Free Entry,1
http://dati.beniculturali.it/mibact/luoghi/resource/City/Camerata_Cornello,Free Entry,1
http://dati.beniculturali.it/mibact/luoghi/resource/City/Camerino,Free Entry,2
http://dati.beniculturali.it/mibact/luoghi/resource/City/Caminata,Free Entry,1
http://dati.beniculturali.it/mibact/luoghi/resource/City/Camogli,Free Entry,3
http://dati.beniculturali.it/mibact/luoghi/resource/City/Campagna,Free Entry,1
http://dati.beniculturali.it/mibact/luoghi/resource/City/Campagnano_di_Roma,Free Entry,1
http://dati.beniculturali.it/mibact/luoghi/resource/City/Campagnola_Emilia,Free Entry,1
http://dati.beniculturali.it/mibact/luoghi/resource/City/Campi_Bisenzio,Free Entry,1
http://dati.beniculturali.it/mibact/luoghi/resource/City/Campobasso,Free Entry,1
http://dati.beniculturali.it/mibact/luoghi/resource/City/Campomorone,Free Entry,4
http://dati.beniculturali.it/mibact/luoghi/resource/City/Canelli,Free Entry,1
http://dati.beniculturali.it/mibact/luoghi/resource/City/Canepina,Free Entry,1
http://dati.beniculturali.it/mibact/luoghi/resource/City/Caneva,Free Entry,2
http://dati.beniculturali.it/mibact/luoghi/resource/City/Canosa_Sannita,Free Entry,1
http://dati.beniculturali.it/mibact/luoghi/resource/City/Canosa_di_Puglia,Free Entry,1
http://dati.beniculturali.it/mibact/luoghi/resource/City/Cantiano,Free Entry,1
http://dati.beniculturali.it/mibact/luoghi/resource/City/Capo_di_Ponte,Free Entry,2
http://dati.beniculturali.it/mibact/luoghi/resource/City/Capovalle,Free Entry,1
http://dati.beniculturali.it/mibact/luoghi/resource/City/Capua,Free Entry,2
http://dati.beniculturali.it/mibact/luoghi/resource/City/Carassai,Free Entry,1
http://dati.beniculturali.it/mibact/luoghi/resource/City/Caravaggio,Free Entry,1
http://dati.beniculturali.it/mibact/luoghi/resource/City/Carcare,Free Entry,2
http://dati.beniculturali.it/mibact/luoghi/resource/City/Carinola,Free Entry,1
http://dati.beniculturali.it/mibact/luoghi/resource/City/Carmagnola,Free Entry,1
http://dati.beniculturali.it/mibact/luoghi/resource/City/Carmignano,Free Entry,1
http://dati.beniculturali.it/mibact/luoghi/resource/City/Carpasio,Free Entry,1
http://dati.beniculturali.it/mibact/luoghi/resource/City/Carpenedolo,Free Entry,1
http://dati.beniculturali.it/mibact/luoghi/resource/City/Carro,Free Entry,1
http://dati.beniculturali.it/mibact/luoghi/resource/City/Casacalenda,Free Entry,2
http://dati.beniculturali.it/mibact/luoghi/resource/City/Casalmaggiore,Free Entry,1
http://dati.beniculturali.it/mibact/luoghi/resource/City/Casalvieri,Free Entry,1
http://dati.beniculturali.it/mibact/luoghi/resource/City/Casarza_Ligure,Free Entry,1
http://dati.beniculturali.it/mibact/luoghi/resource/City/Casazza,Free Entry,1
http://dati.beniculturali.it/mibact/luoghi/resource/City/Casola_Valsenio,Free Entry,1
http://dati.beniculturali.it/mibact/luoghi/resource/City/Cassacco,Free Entry,1
http://dati.beniculturali.it/mibact/luoghi/resource/City/Castagneto_Carducci,Free Entry,1
http://dati.beniculturali.it/mibact/luoghi/resource/City/Castel_Bolognese,Free Entry,1
http://dati.beniculturali.it/mibact/luoghi/resource/City/Castel_Morrone,Free Entry,1
http://dati.beniculturali.it/mibact/luoghi/resource/City/Castel_San_Giovanni,Free Entry,1
http://dati.beniculturali.it/mibact/luoghi/resource/City/Castel_San_Lorenzo,Free Entry,1
http://dati.beniculturali.it/mibact/luoghi/resource/City/Castel_del_Monte,Free Entry,1
http://dati.beniculturali.it/mibact/luoghi/resource/City/Castel_del_Rio,Free Entry,2
http://dati.beniculturali.it/mibact/luoghi/resource/City/Casteldelci,Free Entry,1
http://dati.beniculturali.it/mibact/luoghi/resource/City/Castelfidardo,Free Entry,1
http://dati.beniculturali.it/mibact/luoghi/resource/City/Castellabate,Free Entry,1
http://dati.beniculturali.it/mibact/luoghi/resource/City/Castellammare_di_Stabia,Free Entry,2
http://dati.beniculturali.it/mibact/luoghi/resource/City/Castellanza,Free Entry,1
http://dati.beniculturali.it/mibact/luoghi/resource/City/Castelleone,Free Entry,1
http://dati.beniculturali.it/mibact/luoghi/resource/City/Castello_di_Serravalle,Free Entry,1
http://dati.beniculturali.it/mibact/luoghi/resource/City/Castellucchio,Free Entry,1
http://dati.beniculturali.it/mibact/luoghi/resource/City/Castelmagno,Free Entry,1
http://dati.beniculturali.it/mibact/luoghi/resource/City/Castelnovo_di_Sotto,Free Entry,2
http://dati.beniculturali.it/mibact/luoghi/resource/City/Castelnuovo_Scrivia,Free Entry,1
http://dati.beniculturali.it/mibact/luoghi/resource/City/Castelvenere,Free Entry,1
http://dati.beniculturali.it/mibact/luoghi/resource/City/Castiglion_Fiorentino,Free Entry,2
http://dati.beniculturali.it/mibact/luoghi/resource/City/Castiglione_Chiavarese,Free Entry,1
http://dati.beniculturali.it/mibact/luoghi/resource/City/Castro_dei_Volsci,Free Entry,1
http://dati.beniculturali.it/mibact/luoghi/resource/City/Castrocaro_Terme_e_Terra_del_Sole,Free Entry,1
http://dati.beniculturali.it/mibact/luoghi/resource/City/Castrocielo,Free Entry,1
http://dati.beniculturali.it/mibact/luoghi/resource/City/Catania,Free Entry,3
http://dati.beniculturali.it/mibact/luoghi/resource/City/Catanzaro,Free Entry,1
http://dati.beniculturali.it/mibact/luoghi/resource/City/Cattolica,Free Entry,1
http://dati.beniculturali.it/mibact/luoghi/resource/City/Cava_de__Tirreni,Free Entry,2
http://dati.beniculturali.it/mibact/luoghi/resource/City/Cavargna,Free Entry,1
http://dati.beniculturali.it/mibact/luoghi/resource/City/Cavasso_Nuovo,Free Entry,1
http://dati.beniculturali.it/mibact/luoghi/resource/City/Cazzago_San_Martino,Free Entry,1
http://dati.beniculturali.it/mibact/luoghi/resource/City/Celle_di_Macra,Free Entry,1
http://dati.beniculturali.it/mibact/luoghi/resource/City/Cento,Free Entry,3
http://dati.beniculturali.it/mibact/luoghi/resource/City/Centola,Free Entry,1
http://dati.beniculturali.it/mibact/luoghi/resource/City/Ceprano,Free Entry,1
http://dati.beniculturali.it/mibact/luoghi/resource/City/Cerano_d_Intelvi,Free Entry,1
http://dati.beniculturali.it/mibact/luoghi/resource/City/Cerreto_Guidi,Free Entry,1
http://dati.beniculturali.it/mibact/luoghi/resource/City/Cerreto_Sannita,Free Entry,2
http://dati.beniculturali.it/mibact/luoghi/resource/City/Cerreto_d_Esi,Free Entry,1
http://dati.beniculturali.it/mibact/luoghi/resource/City/Cerreto_di_Spoleto,Free Entry,1
http://dati.beniculturali.it/mibact/luoghi/resource/City/Certosa_di_Pavia,Free Entry,1
http://dati.beniculturali.it/mibact/luoghi/resource/City/Cervara_di_Roma,Free Entry,1
http://dati.beniculturali.it/mibact/luoghi/resource/City/Cervaro,Free Entry,1
http://dati.beniculturali.it/mibact/luoghi/resource/City/Cervia,Free Entry,2
http://dati.beniculturali.it/mibact/luoghi/resource/City/Cesena,Free Entry,8
http://dati.beniculturali.it/mibact/luoghi/resource/City/Cesenatico,Free Entry,1
http://dati.beniculturali.it/mibact/luoghi/resource/City/Cessapalombo,Free Entry,1
http://dati.beniculturali.it/mibact/luoghi/resource/City/Chiari,Free Entry,1
http://dati.beniculturali.it/mibact/luoghi/resource/City/Chiavari,Free Entry,6
http://dati.beniculturali.it/mibact/luoghi/resource/City/Chieri,Free Entry,1
http://dati.beniculturali.it/mibact/luoghi/resource/City/Chieti,Free Entry,1
http://dati.beniculturali.it/mibact/luoghi/resource/City/Cimolais,Free Entry,1
http://dati.beniculturali.it/mibact/luoghi/resource/City/Cingoli,Free Entry,1
http://dati.beniculturali.it/mibact/luoghi/resource/City/Cinisello_Balsamo,Free Entry,1
http://dati.beniculturali.it/mibact/luoghi/resource/City/Citta_Sant_Angelo,Free Entry,1
http://dati.beniculturali.it/mibact/luoghi/resource/City/Cittiglio,Free Entry,1
http://dati.beniculturali.it/mibact/luoghi/resource/City/Cividate_Camuno,Free Entry,1
http://dati.beniculturali.it/mibact/luoghi/resource/City/Civita_Castellana,Free Entry,2
http://dati.beniculturali.it/mibact/luoghi/resource/City/Civitanova_Marche,Free Entry,4
http://dati.beniculturali.it/mibact/luoghi/resource/City/Claut,Free Entry,1
http://dati.beniculturali.it/mibact/luoghi/resource/City/Clusone,Free Entry,1
http://dati.beniculturali.it/mibact/luoghi/resource/City/Codogno,Free Entry,2
http://dati.beniculturali.it/mibact/luoghi/resource/City/Codroipo,Free Entry,4
http://dati.beniculturali.it/mibact/luoghi/resource/City/Cogne,Free Entry,1
http://dati.beniculturali.it/mibact/luoghi/resource/City/Cogorno,Free Entry,1
http://dati.beniculturali.it/mibact/luoghi/resource/City/Colbordolo,Free Entry,1
http://dati.beniculturali.it/mibact/luoghi/resource/City/Collegno,Free Entry,1
http://dati.beniculturali.it/mibact/luoghi/resource/City/Comacchio,Free Entry,4
http://dati.beniculturali.it/mibact/luoghi/resource/City/Como,Free Entry,2
http://dati.beniculturali.it/mibact/luoghi/resource/City/Concesio,Free Entry,1
http://dati.beniculturali.it/mibact/luoghi/resource/City/Conegliano,Free Entry,1
http://dati.beniculturali.it/mibact/luoghi/resource/City/Conzano,Free Entry,1
http://dati.beniculturali.it/mibact/luoghi/resource/City/Copparo,Free Entry,1
http://dati.beniculturali.it/mibact/luoghi/resource/City/Corato,Free Entry,1
http://dati.beniculturali.it/mibact/luoghi/resource/City/Corbetta,Free Entry,1
http://dati.beniculturali.it/mibact/luoghi/resource/City/Coriano,Free Entry,2
http://dati.beniculturali.it/mibact/luoghi/resource/City/Corleto_Monforte,Free Entry,1
http://dati.beniculturali.it/mibact/luoghi/resource/City/Cormons,Free Entry,2
http://dati.beniculturali.it/mibact/luoghi/resource/City/Correggio,Free Entry,2
http://dati.beniculturali.it/mibact/luoghi/resource/City/Corridonia,Free Entry,1
http://dati.beniculturali.it/mibact/luoghi/resource/City/Cortona,Free Entry,1
http://dati.beniculturali.it/mibact/luoghi/resource/City/Cosenza,Free Entry,1
http://dati.beniculturali.it/mibact/luoghi/resource/City/Cosio_d_Arroscia,Free Entry,1
http://dati.beniculturali.it/mibact/luoghi/resource/City/Cotignola,Free Entry,1
http://dati.beniculturali.it/mibact/luoghi/resource/City/Crema,Free Entry,1
http://dati.beniculturali.it/mibact/luoghi/resource/City/Cremona,Free Entry,2
http://dati.beniculturali.it/mibact/luoghi/resource/City/Crevalcore,Free Entry,2
http://dati.beniculturali.it/mibact/luoghi/resource/City/Crocefieschi,Free Entry,1
http://dati.beniculturali.it/mibact/luoghi/resource/City/Crotone,Free Entry,1
http://dati.beniculturali.it/mibact/luoghi/resource/City/Cuneo,Free Entry,1
http://dati.beniculturali.it/mibact/luoghi/resource/City/Cusano_Mutri,Free Entry,1
http://dati.beniculturali.it/mibact/luoghi/resource/City/Dalmine,Free Entry,1
http://dati.beniculturali.it/mibact/luoghi/resource/City/Darfo_Boario_Terme,Free Entry,1
http://dati.beniculturali.it/mibact/luoghi/resource/City/Demonte,Free Entry,1
http://dati.beniculturali.it/mibact/luoghi/resource/City/Desio,Free Entry,1
http://dati.beniculturali.it/mibact/luoghi/resource/City/Diano_Marina,Free Entry,1
http://dati.beniculturali.it/mibact/luoghi/resource/City/Dolceacqua,Free Entry,1
http://dati.beniculturali.it/mibact/luoghi/resource/City/Dongo,Free Entry,1
http://dati.beniculturali.it/mibact/luoghi/resource/City/Dovadola,Free Entry,1
http://dati.beniculturali.it/mibact/luoghi/resource/City/Dozza,Free Entry,1
http://dati.beniculturali.it/mibact/luoghi/resource/City/Drenchia,Free Entry,1
http://dati.beniculturali.it/mibact/luoghi/resource/City/Dresano,Free Entry,1
http://dati.beniculturali.it/mibact/luoghi/resource/City/Enna,Free Entry,1
http://dati.beniculturali.it/mibact/luoghi/resource/City/Erba,Free Entry,1
http://dati.beniculturali.it/mibact/luoghi/resource/City/Ercolano,Free Entry,1
http://dati.beniculturali.it/mibact/luoghi/resource/City/Erice,Free Entry,1
http://dati.beniculturali.it/mibact/luoghi/resource/City/Erto_e_Casso,Free Entry,1
http://dati.beniculturali.it/mibact/luoghi/resource/City/Etroubles,Free Entry,1
http://dati.beniculturali.it/mibact/luoghi/resource/City/Fabbrica_Curone,Free Entry,1
http://dati.beniculturali.it/mibact/luoghi/resource/City/Fabriano,Free Entry,1
http://dati.beniculturali.it/mibact/luoghi/resource/City/Faenza,Free Entry,6
http://dati.beniculturali.it/mibact/luoghi/resource/City/Falconara_Marittima,Free Entry,1
http://dati.beniculturali.it/mibact/luoghi/resource/City/Fano,Free Entry,1
http://dati.beniculturali.it/mibact/luoghi/resource/City/Fara_in_Sabina,Free Entry,2
http://dati.beniculturali.it/mibact/luoghi/resource/City/Farnese,Free Entry,1
http://dati.beniculturali.it/mibact/luoghi/resource/City/Fasano,Free Entry,1
http://dati.beniculturali.it/mibact/luoghi/resource/City/Favale_di_Malvaro,Free Entry,1
http://dati.beniculturali.it/mibact/luoghi/resource/City/Felitto,Free Entry,2
http://dati.beniculturali.it/mibact/luoghi/resource/City/Ferrara,Free Entry,11
http://dati.beniculturali.it/mibact/luoghi/resource/City/Fiastra,Free Entry,1
http://dati.beniculturali.it/mibact/luoghi/resource/City/Fidenza,Free Entry,2
http://dati.beniculturali.it/mibact/luoghi/resource/City/Fiesole,Free Entry,1
http://dati.beniculturali.it/mibact/luoghi/resource/City/Fiorano_Modenese,Free Entry,1
http://dati.beniculturali.it/mibact/luoghi/resource/City/Firenze,Free Entry,10
http://dati.beniculturali.it/mibact/luoghi/resource/City/Fiumicino,Free Entry,2
http://dati.beniculturali.it/mibact/luoghi/resource/City/Fogliano_Redipuglia,Free Entry,1
http://dati.beniculturali.it/mibact/luoghi/resource/City/Fontanarosa,Free Entry,1
http://dati.beniculturali.it/mibact/luoghi/resource/City/Fontanelice,Free Entry,1
http://dati.beniculturali.it/mibact/luoghi/resource/City/Forgaria_nel_Friuli,Free Entry,2
http://dati.beniculturali.it/mibact/luoghi/resource/City/Forli,Free Entry,10
http://dati.beniculturali.it/mibact/luoghi/resource/City/Formello,Free Entry,2
http://dati.beniculturali.it/mibact/luoghi/resource/City/Forni_Avoltri,Free Entry,1
http://dati.beniculturali.it/mibact/luoghi/resource/City/Forte_dei_Marmi,Free Entry,1
http://dati.beniculturali.it/mibact/luoghi/resource/City/Fossano,Free Entry,1
http://dati.beniculturali.it/mibact/luoghi/resource/City/Fragneto_Monforte,Free Entry,1
http://dati.beniculturali.it/mibact/luoghi/resource/City/Frascati,Free Entry,2
http://dati.beniculturali.it/mibact/luoghi/resource/City/Frattamaggiore,Free Entry,1
http://dati.beniculturali.it/mibact/luoghi/resource/City/Frisanco,Free Entry,1
http://dati.beniculturali.it/mibact/luoghi/resource/City/Frontino,Free Entry,1
http://dati.beniculturali.it/mibact/luoghi/resource/City/Fumone,Free Entry,2
http://dati.beniculturali.it/mibact/luoghi/resource/City/Furore,Free Entry,1
http://dati.beniculturali.it/mibact/luoghi/resource/City/Fusignano,Free Entry,1
http://dati.beniculturali.it/mibact/luoghi/resource/City/Gaeta,Free Entry,2
http://dati.beniculturali.it/mibact/luoghi/resource/City/Galeata,Free Entry,1
http://dati.beniculturali.it/mibact/luoghi/resource/City/Gallarate,Free Entry,2
http://dati.beniculturali.it/mibact/luoghi/resource/City/Gallese,Free Entry,1
http://dati.beniculturali.it/mibact/luoghi/resource/City/Gattatico,Free Entry,1
http://dati.beniculturali.it/mibact/luoghi/resource/City/Gatteo,Free Entry,1
http://dati.beniculturali.it/mibact/luoghi/resource/City/Gemmano,Free Entry,1
http://dati.beniculturali.it/mibact/luoghi/resource/City/Gemona_del_Friuli,Free Entry,4
http://dati.beniculturali.it/mibact/luoghi/resource/City/Genazzano,Free Entry,2
http://dati.beniculturali.it/mibact/luoghi/resource/City/Genova,Free Entry,21
http://dati.beniculturali.it/mibact/luoghi/resource/City/Gerace,Free Entry,1
http://dati.beniculturali.it/mibact/luoghi/resource/City/Gerano,Free Entry,2
http://dati.beniculturali.it/mibact/luoghi/resource/City/Giarre,Free Entry,1
http://dati.beniculturali.it/mibact/luoghi/resource/City/Gioia_Tauro,Free Entry,1
http://dati.beniculturali.it/mibact/luoghi/resource/City/Giulianova,Free Entry,4
http://dati.beniculturali.it/mibact/luoghi/resource/City/Gorizia,Free Entry,1
http://dati.beniculturali.it/mibact/luoghi/resource/City/Gottolengo,Free Entry,1
http://dati.beniculturali.it/mibact/luoghi/resource/City/Gradisca_d_Isonzo,Free Entry,2
http://dati.beniculturali.it/mibact/luoghi/resource/City/Grado,Free Entry,2
http://dati.beniculturali.it/mibact/luoghi/resource/City/Gradoli,Free Entry,2
http://dati.beniculturali.it/mibact/luoghi/resource/City/Graglia,Free Entry,1
http://dati.beniculturali.it/mibact/luoghi/resource/City/Gragnano,Free Entry,1
http://dati.beniculturali.it/mibact/luoghi/resource/City/Grandate,Free Entry,1
http://dati.beniculturali.it/mibact/luoghi/resource/City/Grandola_ed_Uniti,Free Entry,1
http://dati.beniculturali.it/mibact/luoghi/resource/City/Gravina_in_Puglia,Free Entry,1
http://dati.beniculturali.it/mibact/luoghi/resource/City/Greci,Free Entry,1
http://dati.beniculturali.it/mibact/luoghi/resource/City/Grimacco,Free Entry,1
http://dati.beniculturali.it/mibact/luoghi/resource/City/Grosseto,Free Entry,1
http://dati.beniculturali.it/mibact/luoghi/resource/City/Grottaminarda,Free Entry,1
http://dati.beniculturali.it/mibact/luoghi/resource/City/Grottammare,Free Entry,1
http://dati.beniculturali.it/mibact/luoghi/resource/City/Grotte_di_Castro,Free Entry,2
http://dati.beniculturali.it/mibact/luoghi/resource/City/Gualtieri,Free Entry,1
http://dati.beniculturali.it/mibact/luoghi/resource/City/Guardiagrele,Free Entry,1
http://dati.beniculturali.it/mibact/luoghi/resource/City/Guastalla,Free Entry,2
http://dati.beniculturali.it/mibact/luoghi/resource/City/Guidonia_Montecelio,Free Entry,1
http://dati.beniculturali.it/mibact/luoghi/resource/City/Iglesias,Free Entry,2
http://dati.beniculturali.it/mibact/luoghi/resource/City/Imola,Free Entry,7
http://dati.beniculturali.it/mibact/luoghi/resource/City/Imperia,Free Entry,4
http://dati.beniculturali.it/mibact/luoghi/resource/City/Ischia_di_Castro,Free Entry,3
http://dati.beniculturali.it/mibact/luoghi/resource/City/Isera,Free Entry,1
http://dati.beniculturali.it/mibact/luoghi/resource/City/Isola_del_Gran_Sasso_d_Italia,Free Entry,1
http://dati.beniculturali.it/mibact/luoghi/resource/City/Itri,Free Entry,1
http://dati.beniculturali.it/mibact/luoghi/resource/City/Ivrea,Free Entry,1
http://dati.beniculturali.it/mibact/luoghi/resource/City/Jesi,Free Entry,1
http://dati.beniculturali.it/mibact/luoghi/resource/City/La_Spezia,Free Entry,1
http://dati.beniculturali.it/mibact/luoghi/resource/City/Lacedonia,Free Entry,1
http://dati.beniculturali.it/mibact/luoghi/resource/City/Lamezia_Terme,Free Entry,1
http://dati.beniculturali.it/mibact/luoghi/resource/City/Lana_Lana,Free Entry,1
http://dati.beniculturali.it/mibact/luoghi/resource/City/Lanciano,Free Entry,1
http://dati.beniculturali.it/mibact/luoghi/resource/City/Langhirano,Free Entry,1
http://dati.beniculturali.it/mibact/luoghi/resource/City/Lanusei,Free Entry,1
http://dati.beniculturali.it/mibact/luoghi/resource/City/Lanuvio,Free Entry,1
http://dati.beniculturali.it/mibact/luoghi/resource/City/Lanzo_Torinese,Free Entry,1
http://dati.beniculturali.it/mibact/luoghi/resource/City/Lanzo_d_Intelvi,Free Entry,1
http://dati.beniculturali.it/mibact/luoghi/resource/City/Larciano,Free Entry,1
http://dati.beniculturali.it/mibact/luoghi/resource/City/Larino,Free Entry,2
http://dati.beniculturali.it/mibact/luoghi/resource/City/Latera,Free Entry,1
http://dati.beniculturali.it/mibact/luoghi/resource/City/Latiano,Free Entry,1
http://dati.beniculturali.it/mibact/luoghi/resource/City/Latina,Free Entry,7
http://dati.beniculturali.it/mibact/luoghi/resource/City/Lauro,Free Entry,1
http://dati.beniculturali.it/mibact/luoghi/resource/City/Lavagna,Free Entry,1
http://dati.beniculturali.it/mibact/luoghi/resource/City/Lecce,Free Entry,1
http://dati.beniculturali.it/mibact/luoghi/resource/City/Lecco,Free Entry,1
http://dati.beniculturali.it/mibact/luoghi/resource/City/Legnano,Free Entry,1
http://dati.beniculturali.it/mibact/luoghi/resource/City/Lentate_sul_Seveso,Free Entry,1
http://dati.beniculturali.it/mibact/luoghi/resource/City/Lentini,Free Entry,1
http://dati.beniculturali.it/mibact/luoghi/resource/City/Leonessa,Free Entry,2
http://dati.beniculturali.it/mibact/luoghi/resource/City/Lerma,Free Entry,1
http://dati.beniculturali.it/mibact/luoghi/resource/City/Letino,Free Entry,1
http://dati.beniculturali.it/mibact/luoghi/resource/City/Levanto,Free Entry,1
http://dati.beniculturali.it/mibact/luoghi/resource/City/Licata,Free Entry,1
http://dati.beniculturali.it/mibact/luoghi/resource/City/Licenza,Free Entry,1
http://dati.beniculturali.it/mibact/luoghi/resource/City/Linguaglossa,Free Entry,1
http://dati.beniculturali.it/mibact/luoghi/resource/City/Lissone,Free Entry,1
http://dati.beniculturali.it/mibact/luoghi/resource/City/Lizzano_in_Belvedere,Free Entry,1
http://dati.beniculturali.it/mibact/luoghi/resource/City/Locri,Free Entry,1
http://dati.beniculturali.it/mibact/luoghi/resource/City/Lodi,Free Entry,5
http://dati.beniculturali.it/mibact/luoghi/resource/City/Lombriasco,Free Entry,1
http://dati.beniculturali.it/mibact/luoghi/resource/City/Lomello,Free Entry,1
http://dati.beniculturali.it/mibact/luoghi/resource/City/Longiano,Free Entry,3
http://dati.beniculturali.it/mibact/luoghi/resource/City/Loreto,Free Entry,1
http://dati.beniculturali.it/mibact/luoghi/resource/City/Loro_Piceno,Free Entry,1
http://dati.beniculturali.it/mibact/luoghi/resource/City/Lovere,Free Entry,1
http://dati.beniculturali.it/mibact/luoghi/resource/City/Lu_e_Cuccaro_Monferrato,Free Entry,1
http://dati.beniculturali.it/mibact/luoghi/resource/City/Lucca,Free Entry,1
http://dati.beniculturali.it/mibact/luoghi/resource/City/Lucinasco,Free Entry,1
http://dati.beniculturali.it/mibact/luoghi/resource/City/Lugo,Free Entry,1
http://dati.beniculturali.it/mibact/luoghi/resource/City/Luino,Free Entry,2
http://dati.beniculturali.it/mibact/luoghi/resource/City/Luras,Free Entry,1
http://dati.beniculturali.it/mibact/luoghi/resource/City/Lusevera,Free Entry,1
http://dati.beniculturali.it/mibact/luoghi/resource/City/Luzzana,Free Entry,1
http://dati.beniculturali.it/mibact/luoghi/resource/City/Luzzara,Free Entry,1
http://dati.beniculturali.it/mibact/luoghi/resource/City/Maccagno,Free Entry,1
http://dati.beniculturali.it/mibact/luoghi/resource/City/Macerata,Free Entry,2
http://dati.beniculturali.it/mibact/luoghi/resource/City/Maddaloni,Free Entry,1
http://dati.beniculturali.it/mibact/luoghi/resource/City/Maenza,Free Entry,1
http://dati.beniculturali.it/mibact/luoghi/resource/City/Magasa,Free Entry,1
http://dati.beniculturali.it/mibact/luoghi/resource/City/Magione,Free Entry,2
http://dati.beniculturali.it/mibact/luoghi/resource/City/Magliano_Sabina,Free Entry,1
http://dati.beniculturali.it/mibact/luoghi/resource/City/Maiori,Free Entry,1
http://dati.beniculturali.it/mibact/luoghi/resource/City/Mairano,Free Entry,1
http://dati.beniculturali.it/mibact/luoghi/resource/City/Malborghetto_Valbruna,Free Entry,1
http://dati.beniculturali.it/mibact/luoghi/resource/City/Malnate,Free Entry,1
http://dati.beniculturali.it/mibact/luoghi/resource/City/Malo,Free Entry,1
http://dati.beniculturali.it/mibact/luoghi/resource/City/Mandello_del_Lario,Free Entry,1
http://dati.beniculturali.it/mibact/luoghi/resource/City/Manerba_del_Garda,Free Entry,1
http://dati.beniculturali.it/mibact/luoghi/resource/City/Manerbio,Free Entry,1
http://dati.beniculturali.it/mibact/luoghi/resource/City/Manfredonia,Free Entry,1
http://dati.beniculturali.it/mibact/luoghi/resource/City/Maniago,Free Entry,1
http://dati.beniculturali.it/mibact/luoghi/resource/City/Mantova,Free Entry,3
http://dati.beniculturali.it/mibact/luoghi/resource/City/Maratea,Free Entry,1
http://dati.beniculturali.it/mibact/luoghi/resource/City/Marchirolo,Free Entry,1
http://dati.beniculturali.it/mibact/luoghi/resource/City/Margherita_di_Savoia,Free Entry,1
http://dati.beniculturali.it/mibact/luoghi/resource/City/Marineo,Free Entry,1
http://dati.beniculturali.it/mibact/luoghi/resource/City/Marino,Free Entry,1
http://dati.beniculturali.it/mibact/luoghi/resource/City/Masone,Free Entry,1
http://dati.beniculturali.it/mibact/luoghi/resource/City/Massa_Fermana,Free Entry,1
http://dati.beniculturali.it/mibact/luoghi/resource/City/Massa_Fiscaglia,Free Entry,1
http://dati.beniculturali.it/mibact/luoghi/resource/City/Massa_Lombarda,Free Entry,2
http://dati.beniculturali.it/mibact/luoghi/resource/City/Mazara_del_Vallo,Free Entry,1
http://dati.beniculturali.it/mibact/luoghi/resource/City/Medesano,Free Entry,1
http://dati.beniculturali.it/mibact/luoghi/resource/City/Medicina,Free Entry,1
http://dati.beniculturali.it/mibact/luoghi/resource/City/Medole,Free Entry,1
http://dati.beniculturali.it/mibact/luoghi/resource/City/Meldola,Free Entry,2
http://dati.beniculturali.it/mibact/luoghi/resource/City/Mendatica,Free Entry,1
http://dati.beniculturali.it/mibact/luoghi/resource/City/Mentana,Free Entry,1
http://dati.beniculturali.it/mibact/luoghi/resource/City/Mercatello_sul_Metauro,Free Entry,1
http://dati.beniculturali.it/mibact/luoghi/resource/City/Mercogliano,Free Entry,1
http://dati.beniculturali.it/mibact/luoghi/resource/City/Mereto_di_Tomba,Free Entry,1
http://dati.beniculturali.it/mibact/luoghi/resource/City/Messina,Free Entry,1
http://dati.beniculturali.it/mibact/luoghi/resource/City/Migliarino,Free Entry,1
http://dati.beniculturali.it/mibact/luoghi/resource/City/Milano,Free Entry,10
http://dati.beniculturali.it/mibact/luoghi/resource/City/Milazzo,Free Entry,3
http://dati.beniculturali.it/mibact/luoghi/resource/City/Mileto,Free Entry,1
http://dati.beniculturali.it/mibact/luoghi/resource/City/Milis,Free Entry,1
http://dati.beniculturali.it/mibact/luoghi/resource/City/Militello_in_Val_di_Catania,Free Entry,1
http://dati.beniculturali.it/mibact/luoghi/resource/City/Millesimo,Free Entry,1
http://dati.beniculturali.it/mibact/luoghi/resource/City/Mirabella_Eclano,Free Entry,2
http://dati.beniculturali.it/mibact/luoghi/resource/City/Mistretta,Free Entry,1
http://dati.beniculturali.it/mibact/luoghi/resource/City/Moconesi,Free Entry,2
http://dati.beniculturali.it/mibact/luoghi/resource/City/Modena,Free Entry,21
http://dati.beniculturali.it/mibact/luoghi/resource/City/Modigliana,Free Entry,1
http://dati.beniculturali.it/mibact/luoghi/resource/City/Mogliano,Free Entry,1
http://dati.beniculturali.it/mibact/luoghi/resource/City/Moimacco,Free Entry,2
http://dati.beniculturali.it/mibact/luoghi/resource/City/Moio_della_Civitella,Free Entry,1
http://dati.beniculturali.it/mibact/luoghi/resource/City/Molfetta,Free Entry,3
http://dati.beniculturali.it/mibact/luoghi/resource/City/Mombaroccio,Free Entry,2
http://dati.beniculturali.it/mibact/luoghi/resource/City/Mondragone,Free Entry,1
http://dati.beniculturali.it/mibact/luoghi/resource/City/Monfalcone,Free Entry,3
http://dati.beniculturali.it/mibact/luoghi/resource/City/Monghidoro,Free Entry,1
http://dati.beniculturali.it/mibact/luoghi/resource/City/Mongrassano,Free Entry,1
http://dati.beniculturali.it/mibact/luoghi/resource/City/Monreale,Free Entry,1
http://dati.beniculturali.it/mibact/luoghi/resource/City/Monrupino,Free Entry,1
http://dati.beniculturali.it/mibact/luoghi/resource/City/Monsampolo_del_Tronto,Free Entry,1
http://dati.beniculturali.it/mibact/luoghi/resource/City/Monsummano_Terme,Free Entry,1
http://dati.beniculturali.it/mibact/luoghi/resource/City/Montappone,Free Entry,1
http://dati.beniculturali.it/mibact/luoghi/resource/City/Monte_Compatri,Free Entry,1
http://dati.beniculturali.it/mibact/luoghi/resource/City/Monte_Porzio_Catone,Free Entry,2
http://dati.beniculturali.it/mibact/luoghi/resource/City/Monte_San_Giusto,Free Entry,1
http://dati.beniculturali.it/mibact/luoghi/resource/City/Monte_Vidon_Corrado,Free Entry,1
http://dati.beniculturali.it/mibact/luoghi/resource/City/Montebruno,Free Entry,1
http://dati.beniculturali.it/mibact/luoghi/resource/City/Montecalvo_Irpino,Free Entry,1
http://dati.beniculturali.it/mibact/luoghi/resource/City/Montecchio,Free Entry,1
http://dati.beniculturali.it/mibact/luoghi/resource/City/Montecchio_Emilia,Free Entry,2
http://dati.beniculturali.it/mibact/luoghi/resource/City/Montechiaro_d_Acqui,Free Entry,1
http://dati.beniculturali.it/mibact/luoghi/resource/City/Montechiarugolo,Free Entry,1
http://dati.beniculturali.it/mibact/luoghi/resource/City/Monteciccardo,Free Entry,1
http://dati.beniculturali.it/mibact/luoghi/resource/City/Montecorice,Free Entry,1
http://dati.beniculturali.it/mibact/luoghi/resource/City/Montefelcino,Free Entry,1
http://dati.beniculturali.it/mibact/luoghi/resource/City/Montefiascone,Free Entry,1
http://dati.beniculturali.it/mibact/luoghi/resource/City/Montefusco,Free Entry,1
http://dati.beniculturali.it/mibact/luoghi/resource/City/Montegallo,Free Entry,1
http://dati.beniculturali.it/mibact/luoghi/resource/City/Montegridolfo,Free Entry,1
http://dati.beniculturali.it/mibact/luoghi/resource/City/Montegrosso_Pian_Latte,Free Entry,1
http://dati.beniculturali.it/mibact/luoghi/resource/City/Monteleone_Sabino,Free Entry,1
http://dati.beniculturali.it/mibact/luoghi/resource/City/Montella,Free Entry,1
http://dati.beniculturali.it/mibact/luoghi/resource/City/Montelupone,Free Entry,1
http://dati.beniculturali.it/mibact/luoghi/resource/City/Montemaggiore_al_Metauro,Free Entry,1
http://dati.beniculturali.it/mibact/luoghi/resource/City/Montemarano,Free Entry,2
http://dati.beniculturali.it/mibact/luoghi/resource/City/Montereale_Valcellina,Free Entry,1
http://dati.beniculturali.it/mibact/luoghi/resource/City/Monterenzio,Free Entry,1
http://dati.beniculturali.it/mibact/luoghi/resource/City/Monterotondo,Free Entry,1
http://dati.beniculturali.it/mibact/luoghi/resource/City/Montesano_sulla_Marcellana,Free Entry,1
http://dati.beniculturali.it/mibact/luoghi/resource/City/Montescaglioso,Free Entry,1
http://dati.beniculturali.it/mibact/luoghi/resource/City/Montescudo,Free Entry,2
http://dati.beniculturali.it/mibact/luoghi/resource/City/Montese,Free Entry,3
http://dati.beniculturali.it/mibact/luoghi/resource/City/Monticelli_d_Ongina,Free Entry,2
http://dati.beniculturali.it/mibact/luoghi/resource/City/Montichiari,Free Entry,3
http://dati.beniculturali.it/mibact/luoghi/resource/City/Montoro_Inferiore,Free Entry,1
http://dati.beniculturali.it/mibact/luoghi/resource/City/Morbegno,Free Entry,1
http://dati.beniculturali.it/mibact/luoghi/resource/City/Morcone,Free Entry,1
http://dati.beniculturali.it/mibact/luoghi/resource/City/Moresco,Free Entry,1
http://dati.beniculturali.it/mibact/luoghi/resource/City/Morigerati,Free Entry,1
http://dati.beniculturali.it/mibact/luoghi/resource/City/Morra_De_Sanctis,Free Entry,1
http://dati.beniculturali.it/mibact/luoghi/resource/City/Morro_d_Oro,Free Entry,1
http://dati.beniculturali.it/mibact/luoghi/resource/City/Mottafollone,Free Entry,1
http://dati.beniculturali.it/mibact/luoghi/resource/City/Muggia,Free Entry,4
http://dati.beniculturali.it/mibact/luoghi/resource/City/Murialdo,Free Entry,1
http://dati.beniculturali.it/mibact/luoghi/resource/City/Muzzano,Free Entry,1
http://dati.beniculturali.it/mibact/luoghi/resource/City/Napoli,Free Entry,15
http://dati.beniculturali.it/mibact/luoghi/resource/City/Ne,Free Entry,1
http://dati.beniculturali.it/mibact/luoghi/resource/City/Neoneli,Free Entry,1
http://dati.beniculturali.it/mibact/luoghi/resource/City/Nepi,Free Entry,1
http://dati.beniculturali.it/mibact/luoghi/resource/City/Nettuno,Free Entry,2
http://dati.beniculturali.it/mibact/luoghi/resource/City/Neviano_degli_Arduini,Free Entry,3
http://dati.beniculturali.it/mibact/luoghi/resource/City/Niscemi,Free Entry,1
http://dati.beniculturali.it/mibact/luoghi/resource/City/Nizza_Monferrato,Free Entry,1
http://dati.beniculturali.it/mibact/luoghi/resource/City/Nocciano,Free Entry,1
http://dati.beniculturali.it/mibact/luoghi/resource/City/Nocera_Inferiore,Free Entry,3
http://dati.beniculturali.it/mibact/luoghi/resource/City/Noceto,Free Entry,1
http://dati.beniculturali.it/mibact/luoghi/resource/City/Nola,Free Entry,3
http://dati.beniculturali.it/mibact/luoghi/resource/City/Nonantola,Free Entry,1
http://dati.beniculturali.it/mibact/luoghi/resource/City/Norma,Free Entry,1
http://dati.beniculturali.it/mibact/luoghi/resource/City/Nova_Ponente_Deutschnofen,Free Entry,1
http://dati.beniculturali.it/mibact/luoghi/resource/City/Novara,Free Entry,1
http://dati.beniculturali.it/mibact/luoghi/resource/City/Novate_Mezzola,Free Entry,1
http://dati.beniculturali.it/mibact/luoghi/resource/City/Novellara,Free Entry,2
http://dati.beniculturali.it/mibact/luoghi/resource/City/Novi_Ligure,Free Entry,1
http://dati.beniculturali.it/mibact/luoghi/resource/City/Noviglio,Free Entry,1
http://dati.beniculturali.it/mibact/luoghi/resource/City/Nusco,Free Entry,1
http://dati.beniculturali.it/mibact/luoghi/resource/City/Olevano_Romano,Free Entry,1
http://dati.beniculturali.it/mibact/luoghi/resource/City/Oliveto_Citra,Free Entry,1
http://dati.beniculturali.it/mibact/luoghi/resource/City/Oppido_Mamertina,Free Entry,1
http://dati.beniculturali.it/mibact/luoghi/resource/City/Orani,Free Entry,1
http://dati.beniculturali.it/mibact/luoghi/resource/City/Oria,Free Entry,1
http://dati.beniculturali.it/mibact/luoghi/resource/City/Orte,Free Entry,3
http://dati.beniculturali.it/mibact/luoghi/resource/City/Ortona,Free Entry,1
http://dati.beniculturali.it/mibact/luoghi/resource/City/Ortonovo,Free Entry,1
http://dati.beniculturali.it/mibact/luoghi/resource/City/Ostellato,Free Entry,2
http://dati.beniculturali.it/mibact/luoghi/resource/City/Ostiano,Free Entry,1
http://dati.beniculturali.it/mibact/luoghi/resource/City/Ostiglia,Free Entry,1
http://dati.beniculturali.it/mibact/luoghi/resource/City/Ottone,Free Entry,1
http://dati.beniculturali.it/mibact/luoghi/resource/City/Ozieri,Free Entry,1
http://dati.beniculturali.it/mibact/luoghi/resource/City/Ozzano_dell_Emilia,Free Entry,5
http://dati.beniculturali.it/mibact/luoghi/resource/City/Paderno_Ponchielli,Free Entry,1
http://dati.beniculturali.it/mibact/luoghi/resource/City/Padula,Free Entry,2
http://dati.beniculturali.it/mibact/luoghi/resource/City/Pagani,Free Entry,3
http://dati.beniculturali.it/mibact/luoghi/resource/City/Palazzo_San_Gervasio,Free Entry,1
http://dati.beniculturali.it/mibact/luoghi/resource/City/Palena,Free Entry,1
http://dati.beniculturali.it/mibact/luoghi/resource/City/Palermo,Free Entry,1
http://dati.beniculturali.it/mibact/luoghi/resource/City/Palestrina,Free Entry,1
http://dati.beniculturali.it/mibact/luoghi/resource/City/Palmanova,Free Entry,2
http://dati.beniculturali.it/mibact/luoghi/resource/City/Palmi,Free Entry,4
http://dati.beniculturali.it/mibact/luoghi/resource/City/Palombara_Sabina,Free Entry,1
http://dati.beniculturali.it/mibact/luoghi/resource/City/Paluzza,Free Entry,1
http://dati.beniculturali.it/mibact/luoghi/resource/City/Parabiago,Free Entry,1
http://dati.beniculturali.it/mibact/luoghi/resource/City/Parabita,Free Entry,1
http://dati.beniculturali.it/mibact/luoghi/resource/City/Parma,Free Entry,13
http://dati.beniculturali.it/mibact/luoghi/resource/City/Pavia,Free Entry,2
http://dati.beniculturali.it/mibact/luoghi/resource/City/Pegognaga,Free Entry,1
http://dati.beniculturali.it/mibact/luoghi/resource/City/Pellezzano,Free Entry,1
http://dati.beniculturali.it/mibact/luoghi/resource/City/Pennabilli,Free Entry,1
http://dati.beniculturali.it/mibact/luoghi/resource/City/Perdifumo,Free Entry,2
http://dati.beniculturali.it/mibact/luoghi/resource/City/Perinaldo,Free Entry,1
http://dati.beniculturali.it/mibact/luoghi/resource/City/Perloz,Free Entry,1
http://dati.beniculturali.it/mibact/luoghi/resource/City/Pertica_Bassa,Free Entry,1
http://dati.beniculturali.it/mibact/luoghi/resource/City/Pertosa,Free Entry,1
http://dati.beniculturali.it/mibact/luoghi/resource/City/Perugia,Free Entry,1
http://dati.beniculturali.it/mibact/luoghi/resource/City/Pesaro,Free Entry,2
http://dati.beniculturali.it/mibact/luoghi/resource/City/Pescara,Free Entry,2
http://dati.beniculturali.it/mibact/luoghi/resource/City/Pescarolo_ed_Uniti,Free Entry,1
http://dati.beniculturali.it/mibact/luoghi/resource/City/Pescina,Free Entry,1
http://dati.beniculturali.it/mibact/luoghi/resource/City/Piacenza,Free Entry,9
http://dati.beniculturali.it/mibact/luoghi/resource/City/Pianello_Val_Tidone,Free Entry,1
http://dati.beniculturali.it/mibact/luoghi/resource/City/Pianezza,Free Entry,1
http://dati.beniculturali.it/mibact/luoghi/resource/City/Piano_di_Sorrento,Free Entry,1
http://dati.beniculturali.it/mibact/luoghi/resource/City/Pianoro,Free Entry,2
http://dati.beniculturali.it/mibact/luoghi/resource/City/Piedimonte_Matese,Free Entry,1
http://dati.beniculturali.it/mibact/luoghi/resource/City/Pietrabruna,Free Entry,1
http://dati.beniculturali.it/mibact/luoghi/resource/City/Pietramelara,Free Entry,1
http://dati.beniculturali.it/mibact/luoghi/resource/City/Pietrelcina,Free Entry,2
http://dati.beniculturali.it/mibact/luoghi/resource/City/Pieve_Torina,Free Entry,1
http://dati.beniculturali.it/mibact/luoghi/resource/City/Pieve_di_Cadore,Free Entry,1
http://dati.beniculturali.it/mibact/luoghi/resource/City/Pieve_di_Cento,Free Entry,2
http://dati.beniculturali.it/mibact/luoghi/resource/City/Pieve_di_Teco,Free Entry,1
http://dati.beniculturali.it/mibact/luoghi/resource/City/Pignataro_Maggiore,Free Entry,1
http://dati.beniculturali.it/mibact/luoghi/resource/City/Pisoniano,Free Entry,1
http://dati.beniculturali.it/mibact/luoghi/resource/City/Pistoia,Free Entry,9
http://dati.beniculturali.it/mibact/luoghi/resource/City/Pizzighettone,Free Entry,1
http://dati.beniculturali.it/mibact/luoghi/resource/City/Poggibonsi,Free Entry,1
http://dati.beniculturali.it/mibact/luoghi/resource/City/Poggio_Berni,Free Entry,1
http://dati.beniculturali.it/mibact/luoghi/resource/City/Polcenigo,Free Entry,1
http://dati.beniculturali.it/mibact/luoghi/resource/City/Polla,Free Entry,1
http://dati.beniculturali.it/mibact/luoghi/resource/City/Pollica,Free Entry,1
http://dati.beniculturali.it/mibact/luoghi/resource/City/Pomezia,Free Entry,1
http://dati.beniculturali.it/mibact/luoghi/resource/City/Pompei,Free Entry,1
http://dati.beniculturali.it/mibact/luoghi/resource/City/Pompeiana,Free Entry,1
http://dati.beniculturali.it/mibact/luoghi/resource/City/Pont-Canavese,Free Entry,1
http://dati.beniculturali.it/mibact/luoghi/resource/City/Pont-Saint-Martin,Free Entry,1
http://dati.beniculturali.it/mibact/luoghi/resource/City/Ponte_Nossa,Free Entry,1
http://dati.beniculturali.it/mibact/luoghi/resource/City/Pontedassio,Free Entry,1
http://dati.beniculturali.it/mibact/luoghi/resource/City/Pontelandolfo,Free Entry,1
http://dati.beniculturali.it/mibact/luoghi/resource/City/Ponti_sul_Mincio,Free Entry,1
http://dati.beniculturali.it/mibact/luoghi/resource/City/Pontida,Free Entry,1
http://dati.beniculturali.it/mibact/luoghi/resource/City/Pontinia,Free Entry,1
http://dati.beniculturali.it/mibact/luoghi/resource/City/Ponza,Free Entry,1
http://dati.beniculturali.it/mibact/luoghi/resource/City/Pordenone,Free Entry,1
http://dati.beniculturali.it/mibact/luoghi/resource/City/Porretta_Terme,Free Entry,1
http://dati.beniculturali.it/mibact/luoghi/resource/City/Portalbera,Free Entry,1
http://dati.beniculturali.it/mibact/luoghi/resource/City/Porto_Recanati,Free Entry,1
http://dati.beniculturali.it/mibact/luoghi/resource/City/Portovenere,Free Entry,1
http://dati.beniculturali.it/mibact/luoghi/resource/City/Posta_Fibreno,Free Entry,1
http://dati.beniculturali.it/mibact/luoghi/resource/City/Potenza,Free Entry,1
http://dati.beniculturali.it/mibact/luoghi/resource/City/Potenza_Picena,Free Entry,1
http://dati.beniculturali.it/mibact/luoghi/resource/City/Poviglio,Free Entry,1
http://dati.beniculturali.it/mibact/luoghi/resource/City/Pozzolo_Formigaro,Free Entry,1
http://dati.beniculturali.it/mibact/luoghi/resource/City/Pozzuoli,Free Entry,1
http://dati.beniculturali.it/mibact/luoghi/resource/City/Pozzuolo_del_Friuli,Free Entry,1
http://dati.beniculturali.it/mibact/luoghi/resource/City/Pragelato,Free Entry,1
http://dati.beniculturali.it/mibact/luoghi/resource/City/Prata_Sannita,Free Entry,1
http://dati.beniculturali.it/mibact/luoghi/resource/City/Prato,Free Entry,3
http://dati.beniculturali.it/mibact/luoghi/resource/City/Prato_Carnico,Free Entry,2
http://dati.beniculturali.it/mibact/luoghi/resource/City/Pratola_Peligna,Free Entry,1
http://dati.beniculturali.it/mibact/luoghi/resource/City/Preci,Free Entry,1
http://dati.beniculturali.it/mibact/luoghi/resource/City/Predosa,Free Entry,1
http://dati.beniculturali.it/mibact/luoghi/resource/City/Prela,Free Entry,1
http://dati.beniculturali.it/mibact/luoghi/resource/City/Premilcuore,Free Entry,1
http://dati.beniculturali.it/mibact/luoghi/resource/City/Preone,Free Entry,1
http://dati.beniculturali.it/mibact/luoghi/resource/City/Priverno,Free Entry,1
http://dati.beniculturali.it/mibact/luoghi/resource/City/Proceno,Free Entry,1
http://dati.beniculturali.it/mibact/luoghi/resource/City/Procida,Free Entry,1
http://dati.beniculturali.it/mibact/luoghi/resource/City/Quistello,Free Entry,2
http://dati.beniculturali.it/mibact/luoghi/resource/City/Raddusa,Free Entry,1
http://dati.beniculturali.it/mibact/luoghi/resource/City/Ragogna,Free Entry,1
http://dati.beniculturali.it/mibact/luoghi/resource/City/Ragusa,Free Entry,1
http://dati.beniculturali.it/mibact/luoghi/resource/City/Ramacca,Free Entry,1
http://dati.beniculturali.it/mibact/luoghi/resource/City/Ranco,Free Entry,1
http://dati.beniculturali.it/mibact/luoghi/resource/City/Ranzo,Free Entry,1
http://dati.beniculturali.it/mibact/luoghi/resource/City/Rapallo,Free Entry,2
http://dati.beniculturali.it/mibact/luoghi/resource/City/Ravanusa,Free Entry,1
http://dati.beniculturali.it/mibact/luoghi/resource/City/Ravello,Free Entry,2
http://dati.beniculturali.it/mibact/luoghi/resource/City/Ravenna,Free Entry,8
http://dati.beniculturali.it/mibact/luoghi/resource/City/Reana_del_Rojale,Free Entry,1
http://dati.beniculturali.it/mibact/luoghi/resource/City/Reggio_di_Calabria,Free Entry,1
http://dati.beniculturali.it/mibact/luoghi/resource/City/Reggio_nell_Emilia,Free Entry,9
http://dati.beniculturali.it/mibact/luoghi/resource/City/Reggiolo,Free Entry,1
http://dati.beniculturali.it/mibact/luoghi/resource/City/Remedello,Free Entry,1
http://dati.beniculturali.it/mibact/luoghi/resource/City/Resia,Free Entry,3
http://dati.beniculturali.it/mibact/luoghi/resource/City/Resiutta,Free Entry,1
http://dati.beniculturali.it/mibact/luoghi/resource/City/Rezzo,Free Entry,1
http://dati.beniculturali.it/mibact/luoghi/resource/City/Ribera,Free Entry,1
http://dati.beniculturali.it/mibact/luoghi/resource/City/Riccione,Free Entry,1
http://dati.beniculturali.it/mibact/luoghi/resource/City/Rieti,Free Entry,1
http://dati.beniculturali.it/mibact/luoghi/resource/City/Rimini,Free Entry,4
http://dati.beniculturali.it/mibact/luoghi/resource/City/Riolo_Terme,Free Entry,1
http://dati.beniculturali.it/mibact/luoghi/resource/City/Ripe,Free Entry,1
http://dati.beniculturali.it/mibact/luoghi/resource/City/Ripi,Free Entry,1
http://dati.beniculturali.it/mibact/luoghi/resource/City/Riposto,Free Entry,1
http://dati.beniculturali.it/mibact/luoghi/resource/City/Rocca_San_Felice,Free Entry,1
http://dati.beniculturali.it/mibact/luoghi/resource/City/Roccabianca,Free Entry,1
http://dati.beniculturali.it/mibact/luoghi/resource/City/Roccagloriosa,Free Entry,1
http://dati.beniculturali.it/mibact/luoghi/resource/City/Rolo,Free Entry,1
http://dati.beniculturali.it/mibact/luoghi/resource/City/Roma,Free Entry,55
http://dati.beniculturali.it/mibact/luoghi/resource/City/Romagnese,Free Entry,1
http://dati.beniculturali.it/mibact/luoghi/resource/City/Romano_di_Lombardia,Free Entry,2
http://dati.beniculturali.it/mibact/luoghi/resource/City/Ronchi_dei_Legionari,Free Entry,1
http://dati.beniculturali.it/mibact/luoghi/resource/City/Ronco_Scrivia,Free Entry,1
http://dati.beniculturali.it/mibact/luoghi/resource/City/Roncofreddo,Free Entry,2
http://dati.beniculturali.it/mibact/luoghi/resource/City/Rondanina,Free Entry,1
http://dati.beniculturali.it/mibact/luoghi/resource/City/Rosarno,Free Entry,1
http://dati.beniculturali.it/mibact/luoghi/resource/City/Roscigno,Free Entry,2
http://dati.beniculturali.it/mibact/luoghi/resource/City/Roseto_degli_Abruzzi,Free Entry,1
http://dati.beniculturali.it/mibact/luoghi/resource/City/Rosignano_Marittimo,Free Entry,1
http://dati.beniculturali.it/mibact/luoghi/resource/City/Rossiglione,Free Entry,1
http://dati.beniculturali.it/mibact/luoghi/resource/City/Rubiera,Free Entry,1
http://dati.beniculturali.it/mibact/luoghi/resource/City/Russi,Free Entry,4
http://dati.beniculturali.it/mibact/luoghi/resource/City/Rutigliano,Free Entry,2
http://dati.beniculturali.it/mibact/luoghi/resource/City/Ruviano,Free Entry,1
http://dati.beniculturali.it/mibact/luoghi/resource/City/Ruvo_di_Puglia,Free Entry,1
http://dati.beniculturali.it/mibact/luoghi/resource/City/Sabaudia,Free Entry,2
http://dati.beniculturali.it/mibact/luoghi/resource/City/Sabbio_Chiese,Free Entry,1
http://dati.beniculturali.it/mibact/luoghi/resource/City/Sacile,Free Entry,1
http://dati.beniculturali.it/mibact/luoghi/resource/City/Saint-Vincent,Free Entry,1
http://dati.beniculturali.it/mibact/luoghi/resource/City/Sala_Bolognese,Free Entry,1
http://dati.beniculturali.it/mibact/luoghi/resource/City/Sala_Consilina,Free Entry,1
http://dati.beniculturali.it/mibact/luoghi/resource/City/Salemi,Free Entry,1
http://dati.beniculturali.it/mibact/luoghi/resource/City/Salerno,Free Entry,8
http://dati.beniculturali.it/mibact/luoghi/resource/City/Salo,Free Entry,1
http://dati.beniculturali.it/mibact/luoghi/resource/City/Salsomaggiore_Terme,Free Entry,2
http://dati.beniculturali.it/mibact/luoghi/resource/City/Saludecio,Free Entry,1
http://dati.beniculturali.it/mibact/luoghi/resource/City/Sambuca_Pistoiese,Free Entry,1
http://dati.beniculturali.it/mibact/luoghi/resource/City/Sambuca_di_Sicilia,Free Entry,2
http://dati.beniculturali.it/mibact/luoghi/resource/City/San_Bartolomeo_in_Galdo,Free Entry,1
http://dati.beniculturali.it/mibact/luoghi/resource/City/San_Cesareo,Free Entry,1
http://dati.beniculturali.it/mibact/luoghi/resource/City/San_Colombano_Certenoli,Free Entry,2
http://dati.beniculturali.it/mibact/luoghi/resource/City/San_Daniele_del_Friuli,Free Entry,1
http://dati.beniculturali.it/mibact/luoghi/resource/City/San_Demetrio_ne__Vestini,Free Entry,1
http://dati.beniculturali.it/mibact/luoghi/resource/City/San_Donato_Val_di_Comino,Free Entry,2
http://dati.beniculturali.it/mibact/luoghi/resource/City/San_Felice_Circeo,Free Entry,1
http://dati.beniculturali.it/mibact/luoghi/resource/City/San_Felice_sul_Panaro,Free Entry,1
http://dati.beniculturali.it/mibact/luoghi/resource/City/San_Giorgio_Canavese,Free Entry,1
http://dati.beniculturali.it/mibact/luoghi/resource/City/San_Giorgio_della_Richinvelda,Free Entry,1
http://dati.beniculturali.it/mibact/luoghi/resource/City/San_Giovanni_Bianco,Free Entry,1
http://dati.beniculturali.it/mibact/luoghi/resource/City/San_Giovanni_Rotondo,Free Entry,1
http://dati.beniculturali.it/mibact/luoghi/resource/City/San_Giovanni_Valdarno,Free Entry,1
http://dati.beniculturali.it/mibact/luoghi/resource/City/San_Giovanni_in_Fiore,Free Entry,1
http://dati.beniculturali.it/mibact/luoghi/resource/City/San_Giovanni_in_Marignano,Free Entry,1
http://dati.beniculturali.it/mibact/luoghi/resource/City/San_Giovanni_in_Persiceto,Free Entry,1
http://dati.beniculturali.it/mibact/luoghi/resource/City/San_Lazzaro_di_Savena,Free Entry,1
http://dati.beniculturali.it/mibact/luoghi/resource/City/San_Marcello_Piteglio,Free Entry,1
http://dati.beniculturali.it/mibact/luoghi/resource/City/San_Marco_dei_Cavoti,Free Entry,1
http://dati.beniculturali.it/mibact/luoghi/resource/City/San_Martino_in_Rio,Free Entry,3
http://dati.beniculturali.it/mibact/luoghi/resource/City/San_Nicola_la_Strada,Free Entry,1
http://dati.beniculturali.it/mibact/luoghi/resource/City/San_Pellegrino_Terme,Free Entry,1
http://dati.beniculturali.it/mibact/luoghi/resource/City/San_Pietro_Avellana,Free Entry,1
http://dati.beniculturali.it/mibact/luoghi/resource/City/San_Pietro_Infine,Free Entry,1
http://dati.beniculturali.it/mibact/luoghi/resource/City/San_Pietro_al_Natisone,Free Entry,1
http://dati.beniculturali.it/mibact/luoghi/resource/City/San_Pietro_in_Casale,Free Entry,1
http://dati.beniculturali.it/mibact/luoghi/resource/City/San_Pietro_in_Cerro,Free Entry,1
http://dati.beniculturali.it/mibact/luoghi/resource/City/San_Polo_d_Enza,Free Entry,1
http://dati.beniculturali.it/mibact/luoghi/resource/City/San_Potito_Ultra,Free Entry,1
http://dati.beniculturali.it/mibact/luoghi/resource/City/San_Salvatore_Telesino,Free Entry,1
http://dati.beniculturali.it/mibact/luoghi/resource/City/San_Severo,Free Entry,1
http://dati.beniculturali.it/mibact/luoghi/resource/City/San_Teodoro,Free Entry,1
http://dati.beniculturali.it/mibact/luoghi/resource/City/San_Vito_al_Tagliamento,Free Entry,1
http://dati.beniculturali.it/mibact/luoghi/resource/City/San_Vito_dei_Normanni,Free Entry,1
http://dati.beniculturali.it/mibact/luoghi/resource/City/Sanfront,Free Entry,1
http://dati.beniculturali.it/mibact/luoghi/resource/City/Sanremo,Free Entry,3
http://dati.beniculturali.it/mibact/luoghi/resource/City/Sant_Agata_Feltria,Free Entry,1
http://dati.beniculturali.it/mibact/luoghi/resource/City/Sant_Agostino,Free Entry,1
http://dati.beniculturali.it/mibact/luoghi/resource/City/Sant_Anastasia,Free Entry,1
http://dati.beniculturali.it/mibact/luoghi/resource/City/Sant_Angelo_Lodigiano,Free Entry,2
http://dati.beniculturali.it/mibact/luoghi/resource/City/Sant_Arpino,Free Entry,1
http://dati.beniculturali.it/mibact/luoghi/resource/City/Sant_Eusanio_del_Sangro,Free Entry,1
http://dati.beniculturali.it/mibact/luoghi/resource/City/Santa_Croce_del_Sannio,Free Entry,1
http://dati.beniculturali.it/mibact/luoghi/resource/City/Santa_Maria_Capua_Vetere,Free Entry,2
http://dati.beniculturali.it/mibact/luoghi/resource/City/Santa_Marinella,Free Entry,2
http://dati.beniculturali.it/mibact/luoghi/resource/City/Santa_Severina,Free Entry,1
http://dati.beniculturali.it/mibact/luoghi/resource/City/Santa_Sofia,Free Entry,1
http://dati.beniculturali.it/mibact/luoghi/resource/City/Santarcangelo_di_Romagna,Free Entry,2
http://dati.beniculturali.it/mibact/luoghi/resource/City/Santo_Stefano_di_Camastra,Free Entry,1
http://dati.beniculturali.it/mibact/luoghi/resource/City/Sarnico,Free Entry,1
http://dati.beniculturali.it/mibact/luoghi/resource/City/Sarno,Free Entry,1
http://dati.beniculturali.it/mibact/luoghi/resource/City/Sarsina,Free Entry,1
http://dati.beniculturali.it/mibact/luoghi/resource/City/Sassello,Free Entry,1
http://dati.beniculturali.it/mibact/luoghi/resource/City/Sassuolo,Free Entry,3
http://dati.beniculturali.it/mibact/luoghi/resource/City/Sauris,Free Entry,2
http://dati.beniculturali.it/mibact/luoghi/resource/City/Savignano_sul_Panaro,Free Entry,1
http://dati.beniculturali.it/mibact/luoghi/resource/City/Savignano_sul_Rubicone,Free Entry,1
http://dati.beniculturali.it/mibact/luoghi/resource/City/Savignone,Free Entry,1
http://dati.beniculturali.it/mibact/luoghi/resource/City/Savona,Free Entry,4
http://dati.beniculturali.it/mibact/luoghi/resource/City/Scalea,Free Entry,1
http://dati.beniculturali.it/mibact/luoghi/resource/City/Scarlino,Free Entry,1
http://dati.beniculturali.it/mibact/luoghi/resource/City/Schio,Free Entry,4
http://dati.beniculturali.it/mibact/luoghi/resource/City/Sciacca,Free Entry,1
http://dati.beniculturali.it/mibact/luoghi/resource/City/Scordia,Free Entry,1
http://dati.beniculturali.it/mibact/luoghi/resource/City/Seborga,Free Entry,1
http://dati.beniculturali.it/mibact/luoghi/resource/City/Sedegliano,Free Entry,1
http://dati.beniculturali.it/mibact/luoghi/resource/City/Sefro,Free Entry,1
http://dati.beniculturali.it/mibact/luoghi/resource/City/Senigallia,Free Entry,3
http://dati.beniculturali.it/mibact/luoghi/resource/City/Sequals,Free Entry,2
http://dati.beniculturali.it/mibact/luoghi/resource/City/Sermoneta,Free Entry,3
http://dati.beniculturali.it/mibact/luoghi/resource/City/Serra_San_Quirico,Free Entry,1
http://dati.beniculturali.it/mibact/luoghi/resource/City/Serramazzoni,Free Entry,1
http://dati.beniculturali.it/mibact/luoghi/resource/City/Serrapetrona,Free Entry,1
http://dati.beniculturali.it/mibact/luoghi/resource/City/Serravalle_Scrivia,Free Entry,1
http://dati.beniculturali.it/mibact/luoghi/resource/City/Serravalle_Sesia,Free Entry,1
http://dati.beniculturali.it/mibact/luoghi/resource/City/Serrone,Free Entry,1
http://dati.beniculturali.it/mibact/luoghi/resource/City/Sessa_Aurunca,Free Entry,3
http://dati.beniculturali.it/mibact/luoghi/resource/City/Sesto_Sexten,Free Entry,1
http://dati.beniculturali.it/mibact/luoghi/resource/City/Sesto_al_Reghena,Free Entry,1
http://dati.beniculturali.it/mibact/luoghi/resource/City/Sestola,Free Entry,1
http://dati.beniculturali.it/mibact/luoghi/resource/City/Sezze,Free Entry,4
http://dati.beniculturali.it/mibact/luoghi/resource/City/Siena,Free Entry,4
http://dati.beniculturali.it/mibact/luoghi/resource/City/Siligo,Free Entry,1
http://dati.beniculturali.it/mibact/luoghi/resource/City/Smerillo,Free Entry,2
http://dati.beniculturali.it/mibact/luoghi/resource/City/Sogliano_al_Rubicone,Free Entry,5
http://dati.beniculturali.it/mibact/luoghi/resource/City/Solarolo,Free Entry,2
http://dati.beniculturali.it/mibact/luoghi/resource/City/Solopaca,Free Entry,1
http://dati.beniculturali.it/mibact/luoghi/resource/City/Somma_Vesuviana,Free Entry,1
http://dati.beniculturali.it/mibact/luoghi/resource/City/Sondrio,Free Entry,1
http://dati.beniculturali.it/mibact/luoghi/resource/City/Sora,Free Entry,1
http://dati.beniculturali.it/mibact/luoghi/resource/City/Soragna,Free Entry,1
http://dati.beniculturali.it/mibact/luoghi/resource/City/Sordevolo,Free Entry,1
http://dati.beniculturali.it/mibact/luoghi/resource/City/Soresina,Free Entry,1
http://dati.beniculturali.it/mibact/luoghi/resource/City/Sorrento,Free Entry,1
http://dati.beniculturali.it/mibact/luoghi/resource/City/Sotto_il_Monte_Giovanni_XXIII,Free Entry,1
http://dati.beniculturali.it/mibact/luoghi/resource/City/Spilamberto,Free Entry,2
http://dati.beniculturali.it/mibact/luoghi/resource/City/Spilimbergo,Free Entry,1
http://dati.beniculturali.it/mibact/luoghi/resource/City/Spinetoli,Free Entry,1
http://dati.beniculturali.it/mibact/luoghi/resource/City/Stazzano,Free Entry,1
http://dati.beniculturali.it/mibact/luoghi/resource/City/Stigliano,Free Entry,1
http://dati.beniculturali.it/mibact/luoghi/resource/City/Sulmona,Free Entry,1
http://dati.beniculturali.it/mibact/luoghi/resource/City/Sutri,Free Entry,1
http://dati.beniculturali.it/mibact/luoghi/resource/City/Taggia,Free Entry,1
http://dati.beniculturali.it/mibact/luoghi/resource/City/Talamello,Free Entry,1
http://dati.beniculturali.it/mibact/luoghi/resource/City/Tarcento,Free Entry,1
http://dati.beniculturali.it/mibact/luoghi/resource/City/Tarquinia,Free Entry,1
http://dati.beniculturali.it/mibact/luoghi/resource/City/Tarvisio,Free Entry,2
http://dati.beniculturali.it/mibact/luoghi/resource/City/Taverna,Free Entry,1
http://dati.beniculturali.it/mibact/luoghi/resource/City/Teano,Free Entry,1
http://dati.beniculturali.it/mibact/luoghi/resource/City/Teggiano,Free Entry,4
http://dati.beniculturali.it/mibact/luoghi/resource/City/Teramo,Free Entry,2
http://dati.beniculturali.it/mibact/luoghi/resource/City/Terlizzi,Free Entry,1
http://dati.beniculturali.it/mibact/luoghi/resource/City/Termini_Imerese,Free Entry,1
http://dati.beniculturali.it/mibact/luoghi/resource/City/Terracina,Free Entry,1
http://dati.beniculturali.it/mibact/luoghi/resource/City/Terranova_di_Pollino,Free Entry,1
http://dati.beniculturali.it/mibact/luoghi/resource/City/Terzigno,Free Entry,1
http://dati.beniculturali.it/mibact/luoghi/resource/City/Tirano,Free Entry,1
http://dati.beniculturali.it/mibact/luoghi/resource/City/Tolentino,Free Entry,2
http://dati.beniculturali.it/mibact/luoghi/resource/City/Tolfa,Free Entry,1
http://dati.beniculturali.it/mibact/luoghi/resource/City/Torgiano,Free Entry,1
http://dati.beniculturali.it/mibact/luoghi/resource/City/Torgnon,Free Entry,2
http://dati.beniculturali.it/mibact/luoghi/resource/City/Torino,Free Entry,2
http://dati.beniculturali.it/mibact/luoghi/resource/City/Torre_San_Giorgio,Free Entry,1
http://dati.beniculturali.it/mibact/luoghi/resource/City/Torre_del_Greco,Free Entry,2
http://dati.beniculturali.it/mibact/luoghi/resource/City/Tortoli,Free Entry,1
http://dati.beniculturali.it/mibact/luoghi/resource/City/Tortona,Free Entry,1
http://dati.beniculturali.it/mibact/luoghi/resource/City/Torviscosa,Free Entry,1
http://dati.beniculturali.it/mibact/luoghi/resource/City/Toscolano-Maderno,Free Entry,1
http://dati.beniculturali.it/mibact/luoghi/resource/City/Tradate,Free Entry,2
http://dati.beniculturali.it/mibact/luoghi/resource/City/Trani,Free Entry,1
http://dati.beniculturali.it/mibact/luoghi/resource/City/Travagliato,Free Entry,1
http://dati.beniculturali.it/mibact/luoghi/resource/City/Trequanda,Free Entry,1
http://dati.beniculturali.it/mibact/luoghi/resource/City/Trevico,Free Entry,1
http://dati.beniculturali.it/mibact/luoghi/resource/City/Treviglio,Free Entry,1
http://dati.beniculturali.it/mibact/luoghi/resource/City/Trevignano_Romano,Free Entry,1
http://dati.beniculturali.it/mibact/luoghi/resource/City/Tricarico,Free Entry,1
http://dati.beniculturali.it/mibact/luoghi/resource/City/Trieste,Free Entry,18
http://dati.beniculturali.it/mibact/luoghi/resource/City/Trivigliano,Free Entry,1
http://dati.beniculturali.it/mibact/luoghi/resource/City/Tuscania,Free Entry,2
http://dati.beniculturali.it/mibact/luoghi/resource/City/Udine,Free Entry,2
http://dati.beniculturali.it/mibact/luoghi/resource/City/Urbino,Free Entry,2
http://dati.beniculturali.it/mibact/luoghi/resource/City/Uscio,Free Entry,1
http://dati.beniculturali.it/mibact/luoghi/resource/City/Ussita,Free Entry,1
http://dati.beniculturali.it/mibact/luoghi/resource/City/Vaiano,Free Entry,1
http://dati.beniculturali.it/mibact/luoghi/resource/City/Vaie,Free Entry,1
http://dati.beniculturali.it/mibact/luoghi/resource/City/Valfurva,Free Entry,1
http://dati.beniculturali.it/mibact/luoghi/resource/City/Vallecrosia,Free Entry,1
http://dati.beniculturali.it/mibact/luoghi/resource/City/Vallepietra,Free Entry,1
http://dati.beniculturali.it/mibact/luoghi/resource/City/Vallo_della_Lucania,Free Entry,1
http://dati.beniculturali.it/mibact/luoghi/resource/City/Valmontone,Free Entry,1
http://dati.beniculturali.it/mibact/luoghi/resource/City/Valmozzola,Free Entry,1
http://dati.beniculturali.it/mibact/luoghi/resource/City/Valvestino,Free Entry,1
http://dati.beniculturali.it/mibact/luoghi/resource/City/Varazze,Free Entry,1
http://dati.beniculturali.it/mibact/luoghi/resource/City/Vasanello,Free Entry,1
http://dati.beniculturali.it/mibact/luoghi/resource/City/Venaria_Reale,Free Entry,1
http://dati.beniculturali.it/mibact/luoghi/resource/City/Venegono_Inferiore,Free Entry,1
http://dati.beniculturali.it/mibact/luoghi/resource/City/Ventimiglia,Free Entry,1
http://dati.beniculturali.it/mibact/luoghi/resource/City/Ventotene,Free Entry,2
http://dati.beniculturali.it/mibact/luoghi/resource/City/Venzone,Free Entry,1
http://dati.beniculturali.it/mibact/luoghi/resource/City/Verdello,Free Entry,1
http://dati.beniculturali.it/mibact/luoghi/resource/City/Veroli,Free Entry,2
http://dati.beniculturali.it/mibact/luoghi/resource/City/Verucchio,Free Entry,1
http://dati.beniculturali.it/mibact/luoghi/resource/City/Verzegnis,Free Entry,1
http://dati.beniculturali.it/mibact/luoghi/resource/City/Vetto,Free Entry,1
http://dati.beniculturali.it/mibact/luoghi/resource/City/Viadana,Free Entry,1
http://dati.beniculturali.it/mibact/luoghi/resource/City/Viareggio,Free Entry,1
http://dati.beniculturali.it/mibact/luoghi/resource/City/Vicenza,Free Entry,1
http://dati.beniculturali.it/mibact/luoghi/resource/City/Vico_Equense,Free Entry,1
http://dati.beniculturali.it/mibact/luoghi/resource/City/Vigarano_Mainarda,Free Entry,1
http://dati.beniculturali.it/mibact/luoghi/resource/City/Vigevano,Free Entry,3
http://dati.beniculturali.it/mibact/luoghi/resource/City/Vignola,Free Entry,1
http://dati.beniculturali.it/mibact/luoghi/resource/City/Vigolzone,Free Entry,1
http://dati.beniculturali.it/mibact/luoghi/resource/City/Villa_Lagarina,Free Entry,1
http://dati.beniculturali.it/mibact/luoghi/resource/City/Villa_Minozzo,Free Entry,2
http://dati.beniculturali.it/mibact/luoghi/resource/City/Villa_d_Alme,Free Entry,1
http://dati.beniculturali.it/mibact/luoghi/resource/City/Villadossola,Free Entry,1
http://dati.beniculturali.it/mibact/luoghi/resource/City/Virgilio,Free Entry,1
http://dati.beniculturali.it/mibact/luoghi/resource/City/Viterbo,Free Entry,8
http://dati.beniculturali.it/mibact/luoghi/resource/City/Vittoria,Free Entry,1
http://dati.beniculturali.it/mibact/luoghi/resource/City/Viu,Free Entry,1
http://dati.beniculturali.it/mibact/luoghi/resource/City/Vivaro,Free Entry,2
http://dati.beniculturali.it/mibact/luoghi/resource/City/Voghera,Free Entry,1
http://dati.beniculturali.it/mibact/luoghi/resource/City/Voghiera,Free Entry,1
http://dati.beniculturali.it/mibact/luoghi/resource/City/Zanica,Free Entry,1
http://dati.beniculturali.it/mibact/luoghi/resource/City/Zibello,Free Entry,1
http://dati.beniculturali.it/mibact/luoghi/resource/City/Zignago,Free Entry,1
http://dati.beniculturali.it/mibact/luoghi/resource/City/Zocca,Free Entry,1
http://dati.beniculturali.it/mibact/luoghi/resource/City/Zogno,Free Entry,1
